{
  "Ansi 5 Color" : {
    "Red Component" : 0.70980392156862748,
    "Color Space" : "sRGB",
    "Blue Component" : 0.67450980392156867,
    "Green Component" : 0.46666666666666667
  },
  "Tags" : [

  ],
  "Ansi 12 Color" : {
    "Red Component" : 0.59607843137254901,
    "Color Space" : "sRGB",
    "Blue Component" : 0.98431372549019602,
    "Green Component" : 0.73333333333333328
  },
  "Right Option Key Sends" : 0,
  "Ansi 7 Color" : {
    "Red Component" : 0.85882352941176465,
    "Color Space" : "sRGB",
    "Blue Component" : 0.88627450980392153,
    "Green Component" : 0.8666666666666667
  },
  "Bold Color" : {
    "Red Component" : 0.64313725490196083,
    "Color Space" : "sRGB",
    "Blue Component" : 0.6705882352941176,
    "Green Component" : 0.65098039215686276
  },
  "Ansi 8 Color" : {
    "Red Component" : 0.4392156862745098,
    "Color Space" : "sRGB",
    "Blue Component" : 0.46666666666666667,
    "Green Component" : 0.44705882352941179
  },
  "Ansi 9 Color" : {
    "Red Component" : 0.96470588235294119,
    "Color Space" : "sRGB",
    "Blue Component" : 0.59999999999999998,
    "Green Component" : 0.63529411764705879
  },
  "Ansi 6 Color" : {
    "Red Component" : 0.0039215686274509803,
    "Color Space" : "sRGB",
    "Blue Component" : 0.66666666666666663,
    "Green Component" : 0.60784313725490191
  },
  "Rows" : 25,
  "Default Bookmark" : "No",
  "Ansi 0 Color" : {
    "Red Component" : 0.35686274509803922,
    "Color Space" : "sRGB",
    "Blue Component" : 0.33333333333333331,
    "Green Component" : 0.34901960784313724
  },
  "AWDS Tab Option" : "Recycle",
  "Cursor Guide Color" : {
    "Red Component" : 0.65000000000000002,
    "Color Space" : "Calibrated",
    "Blue Component" : 1,
    "Alpha Component" : 0.25,
    "Green Component" : 0.91000000000000003
  },
  "Non-ASCII Anti Aliased" : true,
  "Use Bright Bold" : true,
  "Ansi 10 Color" : {
    "Red Component" : 0.50980392156862742,
    "Color Space" : "sRGB",
    "Blue Component" : 0.58823529411764708,
    "Green Component" : 0.78431372549019607
  },
  "Ambiguous Double Width" : false,
  "AWDS Pane Option" : "Recycle",
  "Jobs to Ignore" : [
    "rlogin",
    "ssh",
    "slogin",
    "telnet"
  ],
  "Ansi 15 Color" : {
    "Red Component" : 0.96862745098039216,
    "Color Space" : "sRGB",
    "Blue Component" : 1,
    "Green Component" : 0.97647058823529409
  },
  "Foreground Color" : {
    "Red Component" : 0.64313725490196083,
    "Color Space" : "sRGB",
    "Blue Component" : 0.6705882352941176,
    "Green Component" : 0.65098039215686276
  },
  "Bound Hosts" : [

  ],
  "Working Directory" : "\/Users\/stratton",
  "Blinking Cursor" : true,
  "AWDS Window Option" : "No",
  "Sync Title" : false,
  "Prompt Before Closing 2" : false,
  "BM Growl" : true,
  "Command" : "",
  "Description" : "Default",
  "AWDS Pane Directory" : "",
  "Use Tab Color" : false,
  "Screen" : -1,
  "Selection Color" : {
    "Red Component" : 0.90196078431372551,
    "Color Space" : "sRGB",
    "Blue Component" : 0.75686274509803919,
    "Alpha Component" : 1,
    "Green Component" : 0.86274509803921573
  },
  "Disable Window Resizing" : true,
  "AWDS Window Directory" : "",
  "Only The Default BG Color Uses Transparency" : false,
  "Columns" : 120,
  "Idle Code" : 0,
  "Mouse Reporting" : true,
  "Ansi 13 Color" : {
    "Red Component" : 0.89803921568627454,
    "Color Space" : "sRGB",
    "Blue Component" : 0.85882352941176465,
    "Green Component" : 0.64313725490196083
  },
  "Custom Command" : "No",
  "ASCII Anti Aliased" : true,
  "Non Ascii Font" : "Monaco 12",
  "Vertical Spacing" : 1,
  "Use Bold Font" : true,
  "Option Key Sends" : 0,
  "Selected Text Color" : {
    "Red Component" : 0.28335794806480408,
    "Color Space" : "Calibrated",
    "Blue Component" : 0.30049911141395569,
    "Alpha Component" : 1,
    "Green Component" : 0.2896171510219574
  },
  "Background Color" : {
    "Red Component" : 0.1333333333,
    "Color Space" : "Calibrated",
    "Blue Component" : 0.1764705882,
    "Alpha Component" : 1,
    "Green Component" : 0.1450980392
  },
  "Character Encoding" : 4,
  "Ansi 11 Color" : {
    "Red Component" : 0.792156862745098,
    "Color Space" : "sRGB",
    "Blue Component" : 0.45882352941176469,
    "Green Component" : 0.71764705882352942
  },
  "Use Italic Font" : true,
  "Unlimited Scrollback" : false,
  "Keyboard Map" : {
    "0xf700-0x260000" : {
      "Action" : 10,
      "Text" : "[1;6A"
    },
    "0x37-0x40000" : {
      "Action" : 11,
      "Text" : "0x1f"
    },
    "0x32-0x40000" : {
      "Action" : 11,
      "Text" : "0x00"
    },
    "0xf709-0x20000" : {
      "Action" : 10,
      "Text" : "[17;2~"
    },
    "0xf70c-0x20000" : {
      "Action" : 10,
      "Text" : "[20;2~"
    },
    "0xf729-0x20000" : {
      "Action" : 10,
      "Text" : "[1;2H"
    },
    "0xf72b-0x40000" : {
      "Action" : 10,
      "Text" : "[1;5F"
    },
    "0xf705-0x20000" : {
      "Action" : 10,
      "Text" : "[1;2Q"
    },
    "0xf703-0x260000" : {
      "Action" : 10,
      "Text" : "[1;6C"
    },
    "0xf700-0x220000" : {
      "Action" : 10,
      "Text" : "[1;2A"
    },
    "0xf701-0x280000" : {
      "Action" : 11,
      "Text" : "0x1b 0x1b 0x5b 0x42"
    },
    "0x38-0x40000" : {
      "Action" : 11,
      "Text" : "0x7f"
    },
    "0x33-0x40000" : {
      "Action" : 11,
      "Text" : "0x1b"
    },
    "0xf703-0x220000" : {
      "Action" : 10,
      "Text" : "[1;2C"
    },
    "0xf701-0x240000" : {
      "Action" : 10,
      "Text" : "[1;5B"
    },
    "0xf70d-0x20000" : {
      "Action" : 10,
      "Text" : "[21;2~"
    },
    "0xf702-0x260000" : {
      "Action" : 10,
      "Text" : "[1;6D"
    },
    "0xf729-0x40000" : {
      "Action" : 10,
      "Text" : "[1;5H"
    },
    "0xf706-0x20000" : {
      "Action" : 10,
      "Text" : "[1;2R"
    },
    "0x34-0x40000" : {
      "Action" : 11,
      "Text" : "0x1c"
    },
    "0xf700-0x280000" : {
      "Action" : 11,
      "Text" : "0x1b 0x1b 0x5b 0x41"
    },
    "0x2d-0x40000" : {
      "Action" : 11,
      "Text" : "0x1f"
    },
    "0xf70e-0x20000" : {
      "Action" : 10,
      "Text" : "[23;2~"
    },
    "0xf702-0x220000" : {
      "Action" : 10,
      "Text" : "[1;2D"
    },
    "0xf703-0x280000" : {
      "Action" : 11,
      "Text" : "0x1b 0x1b 0x5b 0x43"
    },
    "0xf700-0x240000" : {
      "Action" : 10,
      "Text" : "[1;5A"
    },
    "0xf707-0x20000" : {
      "Action" : 10,
      "Text" : "[1;2S"
    },
    "0xf70a-0x20000" : {
      "Action" : 10,
      "Text" : "[18;2~"
    },
    "0x35-0x40000" : {
      "Action" : 11,
      "Text" : "0x1d"
    },
    "0xf70f-0x20000" : {
      "Action" : 10,
      "Text" : "[24;2~"
    },
    "0xf703-0x240000" : {
      "Action" : 10,
      "Text" : "[1;5C"
    },
    "0xf701-0x260000" : {
      "Action" : 10,
      "Text" : "[1;6B"
    },
    "0xf702-0x280000" : {
      "Action" : 11,
      "Text" : "0x1b 0x1b 0x5b 0x44"
    },
    "0xf72b-0x20000" : {
      "Action" : 10,
      "Text" : "[1;2F"
    },
    "0x36-0x40000" : {
      "Action" : 11,
      "Text" : "0x1e"
    },
    "0xf708-0x20000" : {
      "Action" : 10,
      "Text" : "[15;2~"
    },
    "0xf701-0x220000" : {
      "Action" : 10,
      "Text" : "[1;2B"
    },
    "0xf70b-0x20000" : {
      "Action" : 10,
      "Text" : "[19;2~"
    },
    "0xf702-0x240000" : {
      "Action" : 10,
      "Text" : "[1;5D"
    },
    "0xf704-0x20000" : {
      "Action" : 10,
      "Text" : "[1;2P"
    }
  },
  "Window Type" : 0,
  "Blur Radius" : 10.16541466346154,
  "Cursor Type" : 1,
  "Background Image Location" : "",
  "Blur" : true,
  "Badge Color" : {
    "Red Component" : 1,
    "Color Space" : "Calibrated",
    "Blue Component" : 0,
    "Alpha Component" : 0.5,
    "Green Component" : 0
  },
  "Scrollback Lines" : 1000,
  "Send Code When Idle" : false,
  "Close Sessions On End" : true,
  "Terminal Type" : "xterm-256color",
  "Visual Bell" : true,
  "Flashing Bell" : false,
  "Silence Bell" : true,